{
  "project_info": {
    "project_number": "262475135604",
    "firebase_url": "https://makerlab-obd-tracker-ce85e.firebaseio.com",
    "project_id": "makerlab-obd-tracker-ce85e",
    "storage_bucket": "makerlab-obd-tracker-ce85e.appspot.com"
  },
  "client": [
    {
      "client_info": {
        "mobilesdk_app_id": "1:262475135604:android:88280fee5345481b5caf21",
        "android_client_info": {
          "package_name": "com.example.makerlab_car"
        }
      },
      "oauth_client": [
        {
          "client_id": "262475135604-k6qi3e65bibqbl2tjphj797joilmail7.apps.googleusercontent.com",
          "client_type": 3
        }
      ],
      "api_key": [
        {
          "current_key": "AIzaSyBiIlF4ltsJc2xIv4PHTFc22QWpuCy8MfA"
        }
      ],
      "services": {
        "appinvite_service": {
          "other_platform_oauth_client": [
            {
              "client_id": "262475135604-k6qi3e65bibqbl2tjphj797joilmail7.apps.googleusercontent.com",
              "client_type": 3
            }
          ]
        }
      }
    }
  ],
  "configuration_version": "1"
}